{
    "run_n":1,
    "seed_train":0,
    "seed_test":0,
    "seed_dist":0,
    "seed_metrics":0,
    "ndims":89,
    "nsamples_train":1000000,
    "nsamples_val":300000,
    "nsamples_test":0,
    "correlation":null,
    "nbijectors":2,
    "bijector":"MsplineN",
    "spline_knots":8,
    "range_min":-5,
    "hidden_layers":"1024-1024-1024",
    "trainable_parameters":8579070,
    "non_trainable_parameters":0,
    "batch_size":512,
    "activation":"relu",
    "regulariser":"l1",
    "eps_regulariser":0.0001,
    "training_device":"NVIDIA A40",
    "epochs_input":12000,
    "epochs_output":124,
    "training_time":11650.181992457248,
    "prediction_time":null,
    "total_time":null,
    "best_train_loss":67.31103515625,
    "best_val_loss":69.87401580810547,
    "best_train_epoch":123,
    "best_val_epoch":43,
    "train_loss_history":[
        79.77835083007812,
        72.98788452148438,
        71.53852081298828,
        70.96631622314453,
        70.58861541748047,
        70.38325500488281,
        70.24116516113281,
        70.11476135253906,
        70.01545715332031,
        69.92063903808594,
        69.90364074707031,
        69.94803619384766,
        69.71835327148438,
        69.66242218017578,
        69.59657287597656,
        69.55854034423828,
        69.47725677490234,
        69.54286193847656,
        69.43699645996094,
        69.37654876708984,
        69.33478546142578,
        69.31761169433594,
        69.23275756835938,
        69.34908294677734,
        69.2203369140625,
        69.14037322998047,
        69.09378051757812,
        69.25474548339844,
        69.08589935302734,
        69.02776336669922,
        68.99562072753906,
        68.97541046142578,
        68.95683288574219,
        68.9139404296875,
        69.00245666503906,
        68.87423706054688,
        68.82889556884766,
        68.87407684326172,
        68.90727996826172,
        68.7807846069336,
        68.78043365478516,
        68.71886444091797,
        68.73957061767578,
        68.70091247558594,
        68.65081024169922,
        68.64096069335938,
        68.60588836669922,
        68.59855651855469,
        68.61203002929688,
        68.55375671386719,
        68.63182067871094,
        68.52645874023438,
        68.50772857666016,
        68.50386047363281,
        68.47252655029297,
        68.4526138305664,
        68.45332336425781,
        68.42254638671875,
        68.41319274902344,
        68.38105010986328,
        68.39910888671875,
        68.52252960205078,
        68.36473083496094,
        68.46952819824219,
        68.32597351074219,
        68.29791259765625,
        68.29650115966797,
        68.27828216552734,
        68.2686538696289,
        68.24910736083984,
        68.24729919433594,
        68.42838287353516,
        69.56468963623047,
        68.67945098876953,
        68.51146697998047,
        68.41973114013672,
        68.36894989013672,
        68.31961059570312,
        68.29463195800781,
        68.26278686523438,
        68.23074340820312,
        68.2221908569336,
        68.18881225585938,
        68.16860961914062,
        67.70275115966797,
        67.65399169921875,
        67.64260864257812,
        67.62696075439453,
        67.61173248291016,
        67.59910583496094,
        67.59113311767578,
        67.58562469482422,
        67.57051849365234,
        67.56262969970703,
        67.55453491210938,
        67.54549407958984,
        67.52381134033203,
        67.51588439941406,
        67.50776672363281,
        67.49771881103516,
        67.4879150390625,
        67.48578643798828,
        67.47228240966797,
        67.4658432006836,
        67.46226501464844,
        67.44730377197266,
        67.43557739257812,
        67.43059539794922,
        67.4304428100586,
        67.42123413085938,
        67.41080474853516,
        67.49516296386719,
        67.4516830444336,
        67.38770294189453,
        67.3713150024414,
        67.37699890136719,
        67.35411834716797,
        67.34652709960938,
        67.33577728271484,
        67.33277893066406,
        67.3274917602539,
        67.3201904296875,
        67.3161849975586,
        67.31103515625
    ],
    "val_loss_history":[
        73.94230651855469,
        72.57332611083984,
        71.29695892333984,
        71.44770050048828,
        71.00199127197266,
        70.78861236572266,
        70.54330444335938,
        70.4798812866211,
        70.24761199951172,
        70.341064453125,
        70.59498596191406,
        70.12537384033203,
        70.14154052734375,
        70.11975860595703,
        70.23587036132812,
        70.12939453125,
        70.18924713134766,
        70.32550048828125,
        70.17143249511719,
        69.96438598632812,
        70.10640716552734,
        70.05333709716797,
        70.0896224975586,
        69.94994354248047,
        69.93155670166016,
        70.12373352050781,
        70.13059997558594,
        69.97420501708984,
        70.0213851928711,
        70.00944519042969,
        70.03058624267578,
        70.04772186279297,
        70.05361938476562,
        69.91395568847656,
        69.95217895507812,
        70.04685974121094,
        69.97663879394531,
        70.74632263183594,
        70.06405639648438,
        70.04253387451172,
        69.99251556396484,
        69.9848861694336,
        70.07496643066406,
        69.87401580810547,
        70.10604858398438,
        70.04512786865234,
        69.93826293945312,
        70.071044921875,
        69.97889709472656,
        69.9544448852539,
        70.0324935913086,
        70.06427001953125,
        70.2007827758789,
        70.08662414550781,
        69.9542007446289,
        70.0504379272461,
        70.05729675292969,
        70.05328369140625,
        70.02216339111328,
        70.00692749023438,
        70.06633758544922,
        70.0481185913086,
        70.1794662475586,
        70.04330444335938,
        70.17215728759766,
        70.0743408203125,
        70.2013168334961,
        70.20716094970703,
        70.19659423828125,
        70.13371276855469,
        70.16919708251953,
        76.53466033935547,
        70.38179016113281,
        70.24201965332031,
        70.27181243896484,
        70.17549896240234,
        70.14761352539062,
        70.24498748779297,
        70.19669342041016,
        70.23432922363281,
        70.21542358398438,
        70.31173706054688,
        70.14425659179688,
        70.20738983154297,
        69.97460174560547,
        69.99636840820312,
        70.02754211425781,
        70.04448699951172,
        70.13069915771484,
        70.06595611572266,
        70.090087890625,
        70.12748718261719,
        70.1375503540039,
        70.13777160644531,
        70.16422271728516,
        70.20003509521484,
        70.16879272460938,
        70.16844177246094,
        70.1889877319336,
        70.20238494873047,
        70.19930267333984,
        70.21843719482422,
        70.19456481933594,
        70.28301239013672,
        70.24150848388672,
        70.2392578125,
        70.25959777832031,
        70.26268768310547,
        70.22505187988281,
        70.28021240234375,
        70.3048095703125,
        70.30516052246094,
        70.28483581542969,
        70.28180694580078,
        70.26038360595703,
        70.3377685546875,
        70.30845642089844,
        70.35037231445312,
        70.31822967529297,
        70.37984466552734,
        70.40406036376953,
        70.37043762207031,
        70.37281036376953,
        70.39674377441406
    ],